{"stats":{"minecraft:picked_up":{"minecraft:birch_log":4},"minecraft:custom":{"minecraft:jump":97,"minecraft:damage_taken":60,"minecraft:crouch_one_cm":583,"minecraft:leave_game":2,"minecraft:play_time":10225,"minecraft:sprint_one_cm":15043,"minecraft:time_since_death":10225,"minecraft:walk_on_water_one_cm":2417,"minecraft:walk_one_cm":4240,"minecraft:sneak_time":97,"minecraft:total_world_time":10225,"minecraft:walk_under_water_one_cm":179,"minecraft:swim_one_cm":1355,"minecraft:fall_one_cm":2820,"minecraft:fly_one_cm":14646,"minecraft:time_since_rest":10225},"minecraft:mined":{"minecraft:birch_log":4,"minecraft:grass":1,"minecraft:birch_leaves":5}},"DataVersion":3465}