{"stats":{"minecraft:picked_up":{"minecraft:birch_log":2,"minecraft:cooked_mutton":4,"minecraft:cooked_beef":9,"minecraft:chicken":1,"minecraft:leather":4,"minecraft:wheat_seeds":1,"minecraft:beef":3,"minecraft:gray_wool":1,"minecraft:black_wool":1,"minecraft:white_wool":1},"minecraft:custom":{"minecraft:open_chest":1,"minecraft:time_since_rest":6912,"minecraft:crouch_one_cm":184,"minecraft:play_time":6912,"minecraft:sprint_one_cm":16519,"minecraft:damage_taken":228,"minecraft:walk_one_cm":30930,"minecraft:sneak_time":30,"minecraft:walk_under_water_one_cm":226,"minecraft:mob_kills":8,"minecraft:jump":58,"minecraft:damage_dealt":360,"minecraft:leave_game":1,"minecraft:time_since_death":6912,"minecraft:walk_on_water_one_cm":503,"minecraft:total_world_time":6912,"minecraft:swim_one_cm":4625,"minecraft:fall_one_cm":418,"minecraft:fly_one_cm":7696},"minecraft:used":{"minecraft:cooked_mutton":1,"minecraft:flint_and_steel":10,"minecraft:cooked_beef":1},"minecraft:killed":{"minecraft:sheep":2,"minecraft:chicken":1,"minecraft:cow":3},"minecraft:mined":{"minecraft:grass":3,"minecraft:birch_log":2,"minecraft:fire":10}},"DataVersion":3465}